ArticleTitle	Question	Answer
Abraham_Lincoln	Was Abraham Lincoln the sixteenth President of the United States?	yes
Abraham_Lincoln	Did Lincoln sign the National Banking Act of 1863?	yes
Abraham_Lincoln	Did his mother die of pneumonia?	no
Abraham_Lincoln	How many long was Lincoln's formal education?	18 months
Abraham_Lincoln	When did Lincoln begin his political career?	1832
Abraham_Lincoln	What did The Legal Tender Act of 1862 establish?	the United States Note, the first paper currency in United States history
Abraham_Lincoln	Who suggested Lincoln grow a beard?	11-year-old Grace Bedell
Abraham_Lincoln	When did the Gettysburg address argue that America was born?	1776
Abraham_Lincoln	Did Lincoln beat John C. Breckinridge in the 1860 election?	yes
Abraham_Lincoln	Was Abraham Lincoln the first President of the United States?	No
Abraham_Lincoln	Did Lincoln start his political career in 1832?	Yes
Abraham_Lincoln	Did Lincoln ever represent Alton & Sangamon Railroad?	Yes
Abraham_Lincoln	Which county was Lincoln born in?	Southeast Hardin County, Kentucky
Abraham_Lincoln	When did Lincoln first serve as President?	March 4, 1861
Abraham_Lincoln	Who assassinated Lincoln?	John Wilkes Booth
Abraham_Lincoln	Did Lincoln win the election of 1860?	Yes
Abraham_Lincoln	Who was the general in charge at the Battle of Antietam?	John Alexander McClernand
Abraham_Lincoln	Why did Lincoln issue the Emancipation Proclamation?	The goal was to weaken the rebellion, which was led and controlled by slave owners.
Abraham_Lincoln	Do scholars rank lincoln among the top three presidents?	Yes
Abraham_Lincoln	Did lincoln have 18 months of schooling?	Yes
Abraham_Lincoln	Was Lincoln chosen as a presidential candidate in 1860?	Yes
Abraham_Lincoln	How old was Lincoln in 1816?	seven
Abraham_Lincoln	How long was Lincoln's legal Career?	23 years
Abraham_Lincoln	What trail did Lincoln use a Farmers' Almanac in?	he defended William "Duff" Armstrong
Abraham_Lincoln	Did Abraham Lincoln live in the Frontier?	Yes
Abraham_Lincoln	Did Lincoln's Wife's Family support slavery?	Yes
Amedeo_Avogadro	Who is most noted for his contributions to the theory of molarity and molecular weight?	Amedeo Avogadro
Amedeo_Avogadro	Is it true that he became a professor in 1820?	yes
Amedeo_Avogadro	What happened in 1833?	Avogadro had been recalled to Turin university
Anders_Celsius	Who determined the dependence of the boiling of water with atmospheric pressure?	Anders Celsius
Anders_Celsius	What is named after him?	The Celsius crater on the Moon
Anders_Celsius	Is it true that he published a collection in 1738?	No
Anders_Celsius	Is it true that thermometer had 100 for the freezing point?	Yes
Anders_Celsius	Was Celsius born in Uppsala in Sweden?	Yes
Anders_Celsius	Was Anders Celsius (November 27, 1701 April 25, 1744) a Swedish astronomer?	Yes
Anders_Celsius	Is The Celsius crater on the Moon named after him?	Yes
Anders_Celsius	Who was the first to perform and publish careful experiments aiming at the definition of an international temperature scale on scientific grounds ?	Anders Celsius
Anders_Celsius	The Celsius crater on the Moon is what?	named after him
Anders_Celsius	Is the Celsius crater on the Moon named after him ?	Yes
Anders_Celsius	Had his thermometer 100 for the freezing point of water and 0 for the boiling point ?	Yes it had
Anders_Celsius	Was Celsius born in Uppsala in Sweden ?	Yes
Anders_Celsius	Did he not determine the dependence of the boiling of water with atmospheric pressure -LRB- in excellent agreement with modern data -RRB- ?	Yes he did
Anders_Celsius	What happened from 1730 to 1744?	He was professor of astronomy at Uppsala University
Anders_Celsius	What happened in 1745?	The scale was reversed
beetle	Are beetles insects?	Yes
beetle	Can beetles be found in polar regions?	No
beetle	Do beetles antennae function primarily as organs of smell?	Yes
beetle	What are the three sections of a beetle?	the head, the thorax, and the abdomen
beetle	Which defense mechanism uses colour or shape to deceive potential enemies?	mimicry
beetle	Which type of beetle is a pest of potato plants?	Colorado potato beetle
beetle	How can beetle larvae be differentiated from other insect larvae?	their hardened, often darkened head, the presence of chewing mouthparts, and spiracles along the sides of the body
beetle	What do beetles eat?	Some are generalists, eating both plants and animals. Other beetles are highly specialised in their diet.
beetle	What are the similarities between beetles and grasshoppers?	mouthparts
beetle	Are certain species of beetles considered pests?	Yes
beetle	Is a beetle's general anatomy uniform?	Yes
beetle	Are beetles endopterygotes?	yes
beetle	How many species of beetles are there?	350,000
beetle	When are sperm cells transferred to the female?	during pairing
beetle	What is the study of beetles called?	coleopterology
beetle	Is it possible that there are more than 350,000 species of beetles?	yes
beetle	Is the Adephaga suborder larger than the Polyphaga suborder?	no
beetle	Do carrion beetles eat dung?	no
beetle	What are prey of various animals including birds and mammals?	Beetles.
beetle	What was given by Aristotle for the hardened shield like forewings?	The name "Coleoptera".
beetle	Who or what vary greatly in form within the coleoptera?	Antennae.
beetle	Are many beetles territorial?	Yes.
beetle	Are beetles endopterygotes with complete metamorphosis?	Yes.
beetle	Oxygen is what?	One kind of gas obtained via a tracheal system.
beetle	Is there a thriving industry in the collection of beetle specimens for amateur and professional collectors ?	Yes.
beetle	Have coleopterists formed organisations to facilitate the study of beetles ?	Yes.
beetle	Is the study of beetles called coleopterology , and its practitioners are coleopterists ?	Yes.
beetle	May a single female lay from several dozen to several thousand eggs during her lifetime ?	Yes.
beetle	Can beetles be found in almost all habitats?	Yes.
beetle	What happened on plants and fungi?	They are food to beetles.
Calvin_Coolidge	Was Calvin Coolidge the twenty-ninth vice president?	no
Calvin_Coolidge	Was Calvin Coolidge born in Plymouth, Windsor County, Vermont?	yes
Calvin_Coolidge	Did Coolidge graduate from Black River Academy?	yes
Calvin_Coolidge	When did he drop John from his name?	upon graduating from college
Calvin_Coolidge	When did Coolidge meet and marry Grace Anna Goodhue?	1905
Calvin_Coolidge	What period of rapid economic growth did the United States experience during Coolidge's presidency?	the Roaring Twenties
Calvin_Coolidge	What did Coolidge do after graduating from Amherst?	Coolidge moved to Northampton, MassachuS08_setts
Calvin_Coolidge	Of what state was Coolidge governor?	MassachuS08_setts
Calvin_Coolidge	Who appointed Harlan Fiske Stone to the Supreme Court?	Coolidge
Calvin_Coolidge	Was Coolidge the thirteenth President of the United States?	No
Calvin_Coolidge	Was Calvin Coolidge Republican?	Yes
Calvin_Coolidge	Was Calvin Coolidge a governor of MassachuS08_setts?	Yes
Calvin_Coolidge	When was Coolidge born?	July 4 1872
Calvin_Coolidge	Where did Coolidge's grandfather had government offices?	Plymouth
Calvin_Coolidge	Which state were Coolidge born in?	Plymouth, Windsor County, Vermont
Calvin_Coolidge	Is Calvin Jr. older than John Coolidge?	No
Calvin_Coolidge	Did Coolidge get in Amherst College?	Yes
Calvin_Coolidge	What caused Calvin Jr.'s death?	heart attack
Calvin_Coolidge	Was John Calvin Coolidge Jr. was born in Las Vegas?	No
Calvin_Coolidge	Was Coolidge opposed in the Republican nomination for Governor of MassachuS08_setts in 1918?	Yes
Calvin_Coolidge	Did Coolidge meet and marry Grace Anna Goodhue?	Yes
Calvin_Coolidge	What year did Coolidge open his own law office?	1898
Calvin_Coolidge	What fraternity was Coolidge a member of?	Phi Gamma Delta
Calvin_Coolidge	In 1905 Coolidge met and married whom?	Grace Anna Goodhue
Calvin_Coolidge	Why did Coolidge not attend law school?	It was too expensive
Calvin_Coolidge	Have there been other US presidents that have visited Cuba?	No
Calvin_Coolidge	What years were Coolidge's two sons born in?	1906 and 1908
Canada	Did France cede nearly all of its colonies in Europe in 1763?	Yes.
Canada	Is Canada a member of the OECD?	Yes.
Canada	Is Canada's official language Zulu?	No.
Canada	What is one significant non-official language?	Chinese.
Canada	In addition to Port Royal, where else did Samuel de Champlain establish a S08_settlement?	Quebec City
Canada	What was the Consitution Act formerly called?	The British North America Act.
Canada	Which countries established colonies in Canada?	France and Britain.
Canada	How has Canada helped UN peacekeeping efforts?	During the Suez Crisis of 1956, Lester B. Pearson eased tensions by proposing the inception of the United Nations Peacekeeping Force. Canada has since served in 50 peacekeeping missions, including every UN peacekeeping effort until 1989
Canada	What percentage of the population don't speak English or French at home?	28%
Canada	Is Canada bilingual?	Yes.
Canada	Did Canadian soldiers win the Battle of Vimy Ridge in 1917?	Yes
Canada	Is an official language of Canada German?	No.
Canada	How many provinces and territories does Canada have?	A federation now comprising ten provinces and three territories
Canada	What is Canada's national unemployment rate?	While as of October 2007, Canada's national unemployment rate of 5.9% is its lowest in 33 years. Provincial unemployment rates vary from a low of 3.6% in Alberta to a high of 14.6% in Newfoundland and Labrador.
Canada	Where is the most densely populated part of Canada?	The most densely populated part of the country is the Quebec City-Windsor Corridor along the Great Lakes and Saint Lawrence River in the southeast.
Canada	What is the largest country in the world?	Canada is the second largest country in the world, after Russia, and largest on the continent.
Canada	What is the largest religious group in Canada?	According to 2001 census, 77.1% of Canadians identified as being Christians; of this, Catholics make up the largest group (43.6% of Canadians). The largest Protestant denomination is the United Church of Canada; about 16.5% of Canadians declare no religious affiliation, and the remaining 6.3% were affiliated with religions other than Christianity, of which the largest is Islam numbering 1.9%, followed by Judaism: 1.1%.
Canada	When did Canada have one of the largest armed forces in the world?	1944
Canada	What have been inhabited for millennia by aboriginal peoples?	The lands
Canada	European books and maps began referring to this region as Canada in what year?	1545
Canada	What was Canada's most important industry until the 1800s?	The fur trade
Canada	Is it true that it angered many residents of the thirteen colonies?	yes
Canada	How do cuba and declining participation relate?	Canada maintains full relations with both.
Canada	Is it true that provinces have a large degree of autonomy?	yes
Canada	What did Canada adopt in 1965?	The Maple Leaf Flag
Canada	What arrived in Britain?	The first Canadian Army units in WW II
Canada	Are Canada 's two official languages English and French ?	yes
Canada	Are Canada 's official national sports ice hockey ( winter ) and lacrosse ( summer ) ?	yes
Canada	Is Canada a geographically vast and ethnically diverse country ?	yes
Canada	Did Mainland Nova Scotia not come under British rule with the Treaty of Utrecht    (: ; ?	no!
Canada	Did Cartier not use the word ` Canada ' to refer to not only that village , but the entire area subject to Donnacona , Chief at Stadacona ?	yes
Canada	Did continental European immigrants not S08_settle the prairies ?	no
Canada	Is it the world 's second largest country by total area?	yes
Canada	What happened in 1867?	Canada was formed as a federal, semi-autonomous polity
duck	Are ducks in the Arctic Northern Hemisphere migratory?	Some are
duck	Is a drake a male?	Yes
duck	Do all ducks "quack"?	No
duck	What is the name of a specialized species of duck adapted to catch large fish?	the smew
duck	What animal attracts the most humor and silliness?	The duck
duck	What is an economic use of a duck?	Meat
duck	Who is Daffy Duck?	A silly cartoon character
duck	What makes it more difficult for a diving duck to fly?	They are heavier
duck	What are the reasons for hunting wild ducks?	Meat, eggs, and feathers
duck	Do ducks forage underwater?	yes
duck	Is foie gras often made from ducks?	yes
duck	What economic uses to ducks have?	They are farmed for their meat, eggs and feathers. They are also kept and bred by aviculturists and often displayed in zoos.
duck	What kind of ducks feed on land?	Dabbling ducks
duck	What unrelated water birds are ducks sometimes confused with?	loons or divers, grebes, gallinules, and coots
duck	What does the word duck mean?	It is the common name for a number of species in the Anatidae family of birds.
duck	What are some common predators of ducks?	Pike, crocodilians, herons, hawks and eagles.
duck	How does a Mallard's tongue work?	It's tongue is a flat plate, and on the tongue's back end is a short liftable flap with about 18 short spikes for pushing struggling prey and other food down its throat
duck	Are diving ducks heavier tha dabbling ducks?	Yes
duck	Are adult ducks fast fliers?	Yes
duck	Are ducks an accepted presence in some populated areas?	Yes
duck	What types of unrelated water birds with similar forms are ducks sometimes confused with?	loons or divers, grebes, gallinules, and coots
duck	Why are ducklings particularly vulnerable?	Their inability to fly.
duck	What are some economic uses for duck?	Meat,eggs,feathers
duck	What allows a duck to filter water out of the side of their beaks and keep food inside?	Tiny rows of plates called lamellae
duck	What expression is part of a conceptual framework for testing computer systems?	Quacks like a duck
duck	Where did the expression "a sitting duck" come from?	In many areas, wild duckof various species (including ducks farmed and released into the wild) are hunted for food or sport, by shooting, or formerly by decoys.
Egypt	Is Egypt bordered by the Gaza Strip?	yes
Egypt	Is Egypt the most populated country in Africa?	no
Egypt	Does Egypt have political influence in the Middle East?	yes
Egypt	When was the Six Day War?	1967
Egypt	What religions has Egypt outlawed?	All but Christianity, Islam, and Judaism
Egypt	What is the poulation of Egypt?	more than 78 million
Egypt	Why does most of Egypt's population live near the Nile?	the only arable agricultural land is found there,
Egypt	Are there a large number of Jews living in Egypt today?	no
Egypt	During what period was Akhenaten a Pharaoh?	The New Kingdom (c.1550&#8722;1070 BC)
Egypt	Is Egypt in Asia?	No.
Egypt	Does Egypt receive the least rainfall in the world?	Yes.
Egypt	Does Egypt's foreign policy operates along moderate lines?	Yes.
Egypt	Since when has Egypt been a republic?	June 18 1953.
Egypt	When were the Great Sphinx and the Pyramids of Giza built?	During the Old Kingdom.
Egypt	What countries border Egypt?	Libya, Sudan, the Gaza Strip and Israel.
Egypt	What is the estimated population of Egypt?	More than 78 million.
Egypt	Does snow fall in Egypt?	Yes.
Egypt	When did organized agriculture appear in the Nile Valley?	6000 BC.
elephant	Are elephants the largest land animals alive today?	yes
elephant	Can an elephant kill a rhinoceros?	yes
elephant	Are elephants good swimmers?	yes
elephant	How many living species of African Elephants are there?	2
elephant	How long may elephants live?	70 years
elephant	Why does the phrase 'elephants never forget' have no metaphorical meaning?	it refers literally to elephants supposedly having an excellent memory
elephant	How many living species of Asian Elephants are there?	1
elephant	How much do elephants weight at birth?	120 kilograms
elephant	What did Aristotle say about elephants?	the beast which pasS08_seth all others in wit and mind
elephant	Are elephant populations in West Africa generally small and fragmented?	yes
elephant	Is the Asian elephant larger than the African?	no
elephant	Is an elephant's skin tough?	yes
elephant	How do elephants communicate over long distances?	by producing and receiving low frequency sound
elephant	When do African elephants lie down?	when they are sick or wounded
elephant	How long is the elephant's gestation period?	22 months
elephant	How many species of African elephants have been proposed?	three
elephant	What are the elephant's ears important for?	temperature regulation
elephant	What land animal has the largest brain?	elephant
elephant	Are elephants mammals?	yes
elephant	Have elephants been used as working animals?	yes
elephant	Do they prefer forested areas?	Yes
elephant	What is the world population of Asian elephants?	60000
elephant	What part of an elephant is very important for temperature regulation?	Ears
elephant	Where was the largest elephant ever recorded shot?	Angola
elephant	Is an Asian elephant smaller than an African elephant?	yes
elephant	What land animal is larger than an elephant?	None
elephant	Has tusklessness become a rare abnormality?	No
Finland	Were the treaties signed in 1947 and 1948 with the Ukraine?	no
Finland	Is Finnish a member of the Baltic-Finnic subgroup of the Uralic languages?	yes
Finland	Is the most read newspaper in Finland Taloussanomat?	no
Finland	Which Russian army general conquered Finland in 1809?	Alexander I
Finland	What is the life expectancy for men in Finland?	75 years
Finland	In what year were the "Games of the XV Olympiad" held?	1952
Finland	What body of water lies to the south of Finland?	the Gulf of Finland
Finland	Name an animal that is growing in number due to recent conservation efforts	Golden Eagle, Brown Bear, or Eurasian Lynx (Change imperative to interrogative)
Finland	Today, are there more cell phone subscriptions than people in Finland?	yes
Finland	Is Matti Vanhanen the Prime Minister of Finland?	yes
Finland	Is the capital city Oslo?	no
Finland	Does it have a border with Norway?	yes
Finland	What is the life expectancy for men?	75 years
Finland	What is the biggest city in Finland?	Greater Helsinki
Finland	Who is the most popular rock group in Finland?	CMX
Finland	What is Finland's economy like?	a highly industrialised, free-market economy
Finland	Where is Finland located?	Northern Europe
Finland	What is the weather like in summer?	relatively warm
Finland	Does salmon remain the favorite of fly rod enthusiasts?	Yes
Finland	Are there cathedrals scattered all across Finland?	Yes
Finland	According to Reader's Digest, is Finland best for living?	Yes
Finland	When did the first verifiable written documents appear?	Twelfth Century
Finland	What is the capital city?	Helsinki
Finland	What is the most extensively celebrated holiday?	Christmas
Finland	Does a large proportion of the population speak Swedish as its mother tongue?	No
Finland	Do women live longer than men?	Yes
Finland	What is a country with which Finland is involved in an international conflict?	None
Gerald_Ford	Was Ford a member of the House of Representatives?	Yes
Gerald_Ford	For how long was Ford a member of the House of Representatives?	Over eight years.
Gerald_Ford	Was Gerald Ford a member of Delta Kappa Epsilon?	Yes
Gerald_Ford	Did ford get an award called "Congressman's congressman"?	Yes
Gerald_Ford	Did ford attend the University of Michigan?	Yes
Gerald_Ford	What positions Ford played in the school football team?	Center and linebacker
Gerald_Ford	What did Ford say about his biological father?	He was abusive and had a history of hitting his mother.
Gerald_Ford	Who did Ford nominate for Vice President?	Bob Dole
Gerald_Ford	Was Ford active about Vietnamese affairs?	No
\n	hard	hard
Gerald_Ford	Had Ford's wife married before?	Yes
Gerald_Ford	Is Ford related with the assassination of John F. Kennedy?	Yes
Gerald_Ford	Was Gerald Ford the 38th President of the United States?	yes
Gerald_Ford	Did Gerald Ford serve as the Republican Minority Leader of the House of Representatives?	yes
Gerald_Ford	Was Ford an Eagle Scout?	yes
Gerald_Ford	What district was Ford elected from?	Michigan's 5th congressional district
Gerald_Ford	How many Eagle Scouts were involved in Ford's funeral procession?	400
Gerald_Ford	Which future Heisman Trophy winner did Ford tackle?	Jay Berwanger
Gerald_Ford	Has another US President been an Eagle Scout?	no
Gerald_Ford	Did Ford need to do extra work to pay for college?	yes
Gerald_Ford	Have more than five Presidents lived past the age of 90?	no
Gerald_Ford	How do kwajalein and eniwetok relate?	The Monterey supported landings at both locations.
Gerald_Ford	What did Ford receive on April 13, 1942?	Ford received a commission as ensign in the US Naval Reserve.
Gerald_Ford	Was Ford released from the hospital?	Yes.
Gerald_Ford	Was Ford interred at his Presidential Museum in Grand Rapids, Michigan?	Yes.
Gerald_Ford	Is Ford one of only four former Presidents to live to 90 or more years of age ?	Yes.
Gerald_Ford	Was Ford the last surviving member of the Warren Commission ?	Yes.
Gerald_Ford	Did Grand Rapids supporters not urge him to take on Bartel J. Jonkman , the incumbent Republican congressman ?	No.
Gerald_Ford	Did they not claim Ford 's pardon was quid pro quo in exchange for Nixon 's resignation ?	They did claim Ford's pardon was quid pro quo.
Ghana	Does Ghana have twice the per capita output of the poorer countries in West Africa?	yes
Ghana	Is English Ghana's official language?	yes
Ghana	Did the Dutch build the Elmina Castle?	No
Ghana	When did Ghana achieve independence from the United Kingdom?	1957
Ghana	How many regions is Ghana divided into?	10
Ghana	Who is the head of state of Ghana?	President John Agyekum Kofuor
Ghana	What is the dominant religion in Ghana?	Christian
Ghana	What are the two subfamilies of the Native Ghanaian languages?	Kwa and Gur
Ghana	What is the weather like at Lake Volta?	Warm and comparatively dry
Ghana	Is Ghana in Asia?	no
Ghana	Is English the official language?	yes
Ghana	Is Ghana's head of state John Agyekum Kufuor?	yes
Ghana	What does the word Ghana mean?	warrior king
Ghana	Who was Kwame Nkrumah?	founder and first president
Ghana	Where is old Ghana in relation to present Ghana?	500 miles north
Ghana	Who makes up Ghana's Parliament?	the New Patriotic Party and National Democratic Congress
Ghana	What European countries established states in Ghana?	The UK
Gray_Wolf	Does the Gray Wolf share an ancestry with the domestic dog?	Yes
Gray_Wolf	Do wolf pups tend to have darker fur than adults?	Yes
Gray_Wolf	Do wolves leave their pack?	Yes
Gray_Wolf	What kinds of coats do wolves have?	bulky coats with two layers
Gray_Wolf	Where do wolves have scent glands?	Helping the woldf to effectively navigate over large expanses while concurrently keeping others informed of its whereabouts.
Gray_Wolf	How much do wolves weigh?	typically varies between 32 and 62 kilograms
Gray_Wolf	Why do wolves howl?	Howling helps pack members keep in touch, allowing them to communicate effectively in thickly forested areas or over great distances. Howling also helps to call pack members to a specific location. Howling can also serve as a declaration of territory, as shown in a dominant wolf&apos;s tendency to respond to a human imitation of a "rival" wolf in an area the wolf considers its own.
Gray_Wolf	What is surplus killing?	Surplus killing is defined as the killing of several prey animals too numerous to eat at one sitting.
Gray_Wolf	Are Gray Wolves native to North America?	Yes
Gray_Wolf	Is the Gray Wolf a mammal?	Yes
Gray_Wolf	Are a wolf's teeth its main weapons?	Yes
Gray_Wolf	Are wolves built for stamina?	Yes
Gray_Wolf	Where is the largest gray wolf population thought to be found?	Kazakhstan
Gray_Wolf	To what genus does the gray wolf belong?	Canis
Gray_Wolf	When do wolves molt?	Late Spring or Early Summer
Gray_Wolf	Why is it beneficial for alpha males and females to forcefully prevent other wolves from mating?	A pack can only suppport one littler per year
Gray_Wolf	What type of tools do biologists use to capture wolves for tagging?	Darting and Foot hold traps.
Gray_Wolf	Forward, erect ears and slightly bristle hackles are a sign of what in wolves?	Dominance
Indonesia	Are the Javanese the largest and politically dominant ethnic group in Indonesia?	yes
Indonesia	Is Indonesia a monarchy with a presidential system?	no
Indonesia	Did the Japanese invasion and subsequent occupation during WWII end Dutch rule?	yes
Indonesia	In what year did East Timor secede from Indonesia?	1999
Indonesia	When did Islam become the dominant religion in Java and Sumatra?	the end of the 16th century
Indonesia	Does Indonesia have the world's hightest level of biodiversity?	no
Indonesia	Was Indonesia named after it became an independent country?	no
Indonesia	Why did Indonesia break off relations with the People's Republic of China?	because of anti-communist purges early in the Suharto era
Indonesia	Which spice originally attracted Europeans to Indonesia?	nutmeg, cloves, or cubeb pepper
Indonesia	What is Jakarta?	Indonesia's special capital region
Indonesia	What shares land borders with Papua New Guinea, East Timor and Malaysia?	Indonesia
Indonesia	What are the largest and politically dominant ethnic group?	the Javanese
Indonesia	What happens when the srivijaya kingdom formed trade links?	The indonesian archipelago became an important trade region
Indonesia	Is it true that indonesia has vast areas of wilderness?	yes
Indonesia	Is Indonesia a republic?	yes
Indonesia	Are Sports in Indonesia generally male-orientated?	yes
Indonesia	Is Indonesia the world's largest archipelagic state?	yes
Indonesia	Are sports in Indonesia generally male-orientated and spectator sports are often associated with illegal gambling ?	yes
Indonesia	Is Pencak Silat an Indonesian martial art ?	yes
Indonesia	Has Indonesia the world 's largest Muslim population ?	yes
Indonesia	Who has its own political legislature and governor ?	each province
Indonesia	Is it the world 's largest archipelagic state?	yes
Indonesia	Is it the world 's fourth most populous country and the most populous muslim-majority nation?	yes
James_Monroe	Is James Monrow the fifth president of US?	Yes
James_Monroe	What is the first word on the page?	James
James_Monroe	What is the first number on the page?	28
James_Monroe	When did Monroe's presidency expired?	March 4, 1825
James_Monroe	What is Monroe's father's name?	Spence
James_Monroe	What is Monroe's daughter's name?	Maria Hester Monroe Gouverneur
James_Monroe	What does "Era of Good Feelings" refers to?	Reduced tension
James_Monroe	Did Monroe' wedding happen at the Trinity Church in New York?	Yes
James_Monroe	What is Monroe Doctrine?	A doctrine declaring U.S. opposition to European interference in the Americas.
James_Monroe	Was James Monroe President of the United States?	yes
James_Monroe	Did James Monroe attend the College of William and Mary?	yes
James_Monroe	Did James Monroe fight in the Continental Army?	yes
James_Monroe	Where was James Monroe born?	Westmoreland County, Virginia
James_Monroe	Where was James Monroe shot?	at the Battle of Trenton, in his left shoulder
James_Monroe	Who did James Monroe marry?	Elizabeth Kortright
James_Monroe	What did James Monroe do before being elected governor?	He practiced law in Virginia.
James_Monroe	In which years were John Monroe elected as President?	1817-1825
James_Monroe	Who was John Monroe standing behind in the painting of  Washington Crossing the Delaware?	George Washington
James_Monroe	When was James Monroe appointed to Secretary of War?	1814
James_Monroe	When did James Monroe die?	July 4, 1831
James_Monroe	When did James Monroe graduate from William and Mary?	1776
James_Monroe	When was James Monroe elected president?	Monroe was elected president in the election of 1816, and re-elected in 1820.
James_Monroe	Which property did James Monroe sell in 1817?	Monroe Hill on the grounds of the University of Virginia.
James_Monroe	When did James Monroe introduce the Monroe Doctrine?	December 2, 1823
James_Monroe	Who did James Monroe live with in New York City?	His daughter Maria Hester Monroe Gouverneur
James_Monroe	What did James Monroe's letters not contain?	No letters survive in which he might have discussed his religious beliefs.
James_Monroe	What was the result of the rejection of the Jay Treaty?	As a result, the two nations moved closer toward the War of 1812.
James_Monroe	Who is depicted holding the flag in the famous painting of Washington Crossing the Delaware?	Monroe
James_Monroe	What dwindled and eventually died out, starting with the Hartford Convention?	The Federalist Party
James_Monroe	Is it true that he practiced law in fredericksburg?	yes
James_Monroe	What did James Monroe make in 1817?	two long tours
James_Monroe	Was Monroe anticlerical?	no
James_Monroe	Was Monroe appointed Minister to France from 1794 to 1796?	yes
James_Monroe	What expired on March?	Monroe's presidency
James_Monroe	Had Monroe racked up many debts during his years of public life ?	yes
James_Monroe	Who dismantled partisan and sectional coalitions ?	many congressmen
James_Monroe	What happened in 1811?	Monroe returned to the Virginia House of Delegates and was elected to another term as governor of Virginia
James_Monroe	What happened in the election of 1816?	Monroe was elected president
James_Watt	Who died in childbirth in 1772?	Margaret Miller
James_Watt	Who died in 1832?	Margaret Miller.
James_Watt	Is watt commemorated by statuary in George Square, Glasgow and Princes Street, Edinburgh?	Yes.
James_Watt	Was watt a gentleman, greatly respected by other prominent men of the Industrial Revolution?	Yes.
James_Watt	Was watt a fellow of the Royal Society of Edinburgh and the Royal Society of London?	Yes.
James_Watt	Four years after opening his shop , Watt began what?	Watt began to experiment with steam after his friend, Professor John Robison, called his attention to it.
James_Watt	Was Watt ranked 22nd in Michael H. Hart 's list of the most influential figures in history ?	Yes.
John_Adams	Did John Adams represent the Continental Congress in Europe?	Yes.
John_Adams	Was Adams raised Congregationalist?	Yes.
John_Adams	Was Adams an opponent of the Stamp Act?	Yes.
kangaroo	Is a kangaroo a reptile?	no
kangaroo	Is a kangaroo on the Australian coat of arms?	yes
kangaroo	Was James Cook the first to record the name "Kangooroo?"	yes
kangaroo	What is a collective noun for kangaroos?	mob, troop, or court
kangaroo	Where do joeys complete postnatal development?	marsupium
kangaroo	What do kangaroos use for "crawl-walking?"	its hind feet
kangaroo	Why do kangaroos have a wide bite?	The two sides of the lower jaw are not joined together and the lower incisors are farther apart.
kangaroo	What is responsible for converting the hydrogen byproduct of fermentation into acetate?	bacteria
kangaroo	Are wild kangaroos shot for meat?	yes
kangaroo	Have kangaroos fared well since European S08_settlement?	yes
kangaroo	Do kangaroos have many natural predators?	no
kangaroo	What is the average life expectancy of a kangaroo?	4.6 years
kangaroo	When did the first official report of kangaroo blindness take place?	1994
kangaroo	What are vehicles that frequent isolated roads often fitted with?	roo bars
kangaroo	Do kangaroos eat plants?	yes
kangaroo	What are some extinct predators of the kangaroo?	Thylacine, Marsupial Lion, Maagalania, and Wonambi
kangaroo	Is a Kangaroo a Marsupial?	Yes
kangaroo	Is the kangaroo an herbivour?	Yes
kangaroo	Are Kangaroos Shy?	Yes
kangaroo	What method of locomotion do Kangaroos Use?	hopping
kangaroo	What is a collective noun for a kangaroo?	a mob, troop, or court
kangaroo	What is a roo?	a kangaroo
kangaroo	What is used to protect a vehicale from a Kangaroo?	roo bars
kangaroo	What method is used by Kangaroos to travel?	hopping
kangaroo	Who asked a nearby local what the creatures were called?	Captain James Cook and naturalist Sir Joseph Banks
kangaroo	What are four species that are commonly referred to as kangaroos?	The Red Kangaroo, The Eastern Grey Kangaroo, The Western Grey Kangaroo, and The Antilopine Kangaroo
kangaroo	Are kangaroos and wallabies adept swimmers?	yes
kangaroo	Are kangaroos farmed to any extent?	No.
kangaroo	Who also discovered that less than three percent of kangaroos exposed to the virus developed blindness ?	Veterinarians
kangaroo	Different species of kangaroos eat what?	different diets
kangaroo	Have Kangaroos dazzled by headlights or startled by engine noise been known to leap in front of cars ?	yes
kangaroo	Is a collision with a vehicle capable of killing a kangaroo ?	yes
kangaroo	Was the game of Marn grook played using a ball made from kangaroo by the Kurnai people ?	yes
kangaroo	Have kangaroos large , powerful hind legs , large feet adapted for leaping , a long muscular tail for balance , and a small head ?	yes
kangaroo	Is a kangaroo a marsupial from the family macropodidae -LRB- macropods , meaning (`` ` large foot ('' ' -RRB-?	yes
kangaroo	What kinds of changes have larger kangaroos adapted much better to?	Changes wrought to the Australian landscape by humans.
kangaroo	Have larger kangaroos adapted much better to changes?	yes
leopard	Is the leopard smaller than the other members of Panthera?	yes
leopard	Is a leopard larger and less lanky than a cheetah?	yes
leopard	Are large pythons potential prey for leopards?	yes
leopard	What may a leopard be mistaken for?	A cheetah or a jaguar
leopard	What is a hybrid animal resulting from a union between a leopard and a puma?	a pumapard
leopard	Where do leopards often hide their kills?	in dense vegetation
leopard	How did early naturalists distinguish between leopards and panthers?	by the length of their tails
leopard	What are dark leopards known as colloquially?	Black Panthers
leopard	What shape are a leopard's black roS08_settes in East Africa?	circular
leopard	Is the leopard an Old World mammal?	yes
leopard	Is the leopard of the Felidae family?	yes
leopard	Is the leopard one of the four 'big cats'?	yes
leopard	Where is the leopard distributed?	southern Eurasia and Africa
leopard	How long is a leopard's tail?	60 to 110cm
leopard	How much does a leopard weigh?	Males are considerably larger than females and weigh 37 to 90 kg compared to 28 to 60 kg for females.
leopard	Does a male leopard weigh more than a female leopard?	yes
leopard	What is the difference between leopards and cheetahs?	The leopard has roS08_settes rather than cheetah's simple spots and the leopard is larger and less lanky than the cheetah.
leopard	How does the distribution size of the leopard compare to the distribution of other wild cats?	As of 1996, the leopard had the largest distribution of any wild cat, although populations before and since have shown a declining trend and are fragmented outside of subsaharan Africa.
leopard	What resembles that of the similarly-sized cougar in the Americas?	The leopard's ecological role
leopard	What was one of the many species described in Linnaeus's 18th-century work, Systema Naturae?	Felis pardus
leopard	What sort of cats are solitary?	Leopards
leopard	Are leopards circular?	No
leopard	Is the leopard solitary?	Yes
leopard	What centred in Sierra?	The leopard men
leopard	Felis pardus was what?	One of the many species described in Linnaeus's 18th-century work, Systema Naturae
leopard	Has the New Zealand Rugby League featured the Otahuhu Leopards and then the Tamaki Leopards ?	Yes
leopard	Were the Leopard men a West African secret society who practised cannibalism ?	Yes
leopard	Was the leopard tank a German designed tank which entered service in 1965 ?	Yes
leopard	Is the black color heritable and caused by only one recessive gene locus ?	Yes
leopard	Is the leopard -LRB- panthera pardus -RRB- an old world mammal of the felidae family and the smallest of the four (`` ` big cats ('' ' of the genus panthera , along with the tiger , lion , and jaguar?	Yes
leopard	Can a panther be any of several species of large felid?	Yes
leopard	Is the leopard an agile and graceful predator?	Yes
otter	Do sea otters have long muscular tails?	no
otter	Can otters survive in cold water?	yes
otter	Does the giant otter inhabit South Africa?	no
otter	How many species of otter are there?	13
otter	What do river otters eat?	a variety of fish and shellfish, as well as small land mammals and birds
otter	How much do sea otters weigh?	30 kg (about 65 pounds)
otter	How do sea otters insulate themselves?	a layer of air trapped in their fur(!)
otter	Why are sea otters nearly extinct?	They've been hunted for their fur
otter	What is one of the challenges of re-establishing a population of Eurasian otters in the UK?	roadkill deaths
otter	Is otter a kind of mammal?	yes
otter	How many species and genera does otter have?	13 species and 7 genera
otter	Do otters live in water?	yes
otter	Where do sea otters live?	Sea otters (Enhydra lutris) live along the Pacific coast of North America.
otter	Where does the word "otter" derive from?	The word "otter" derives from the Old English word otr, otor or oter.
otter	Does otter give birth or lay egg?	give birth
otter	What drives sea otter almost to extinction?	Humans hunted them almost to extinction.
otter	Why otters are considered as totem animals?	The time of year associated with this is also associated with the Aquarius sign of the Zodiac, through which the sun passes January 20-February 19.
otter	Do sea otters live along the Pacific coast?	Yes
otter	Are otters totem animals?	Yes
otter	Are otters herbivores?	No
otter	What is the primary item in an otter's diet?	Fish.
otter	What is an otter's den called?	Holt
otter	Why is the giant otter becoming increasingly rare?	Poaching, habitat loss, and toxins in gold mining.
otter	How do otters keep themselves warm without blubber?	A layer of air trapped in their fur.
otter	How are otters playful animals?	The slide down snowy slopes, apparently for sheer enjoyment.
otter	What animals are related to otters?	weasels, polecats, and badgers
otter	What traps a layer of air, and keeps them dry and warm under water?	Long guard hair
otter	The collective noun romp is sometimes used for a group of what?	Otters
otter	Is it true that otters eat a variety of fish?	yes
otter	Are otters playful animals?	yes
otter	Are otters very active?	yes
otter	Are male otters dog-otters?	yes
otter	An otter 's den is what?	A holt
otter	Sea otters eat what?	Shellfish and other invertebrates
otter	Is the myth of Otter 's Ransom the starting point of the Volsunga saga ?	yes
otter	Are Male otters dog-otters , females are bitches and babies are cubs or pups ?	yes
otter	Is an otter 's den called a holt ?	yes
otter	Have most otters fish as the primary item in their diet , supplemented by frogs , crayfish and crabs ?	yes
penguin	Do penguins feed on krill?	yes
penguin	What is the largest living species of penguin?	Emperor Penguin
penguin	Do penguins live almost exclusively in the Southern Hemisphere?	yes
penguin	What is "tobogganing"?	when penguins slide on their bellies across the snow
penguin	Why are penguins countershaded?	for camouflage
penguin	Are penguins afraid of humans?	no
penguin	How much time to penguins spend on land?	half of their life
penguin	How many species of penguins are there?	between 17 and 20 living species
penguin	How are Isabelline penguins different from most penguins?	they have brown rather than black plumage
penguin	Are penguins birds?	yes
penguin	Do penguins have a better than average sense of hearing for birds?	yes
penguin	Are penguins considered "higher waterbirds"?	yes
penguin	What order do penguins belong to?	Sphenisciformes
penguin	How tall were the tallest prehistoric penguins?	1.80 meters
penguin	What makes penguins so agile in the water?	Their wings have become flippers
penguin	Why do penguins "tobaggan"?	It conserves energy while moving quickly
penguin	Who spend half of their life on land and half in the oceans?	Penguins
penguin	What is also the distance that Antarctic tourists are told to keep from penguins?	3 meters
penguin	What have become flippers, useless for flight in the air?	Penguins' wings
penguin	What happens when mothers lose a chick?	They sometimes attempt to "steal" another chick.
penguin	Is it true that each penguin gets a turn in the center?	Yes
penguin	Are all penguins countershaded?	Yes
penguin	Are penguins astonishingly agile?	In the water they are.
penguin	Are penguins at risk?	Yes
penguin	Is it also possible that penguin comes from the Latin pinguis , fat ?	Yes
penguin	Have penguins an average sense of hearing for birds ?	Yes
penguin	Can larger penguins dive deep in case of need ?	Yes
penguin	Is the smallest penguin species the Little Blue Penguin -LRB- also known as the Fairy Penguin -RRB- , which stands around 40 cm tall -LRB- 16 in -RRB- and weighs 1 kg -LRB- 2.2 lb -RRB- ?	Yes
penguin	Is it not even known whether the gigantic palaeeudyptines constitute a monophyletic lineage , or whether gigantism was evolved independently in a much restricted Palaeeudyptinae and the Anthropornithinae ?	It is not even known.
penguin	Is the largest living species the emperor penguin -LRB- aptenodytes forsteri -RRB-?	Yes
penguin	Is the smallest penguin species the little blue penguin -LRB- also known as the fairy penguin -RRB- , which stands around 40 cm tall -LRB- 16 in -RRB- and weighs 1 kg -LRB- 2?	Yes
penguin	What happened in a region not quite 2000 km south of the equator 35 mya?	At least one giant penguin.
polar_bear	What is the last word on the page?	Connecticut
polar_bear	Is polar bear a mammal?	Yes
polar_bear	Is polar bear a carnivore?	Yes
polar_bear	What is largest polar bear on record?	2200 lb
polar_bear	What is polar bear's skin color?	white or cream
polar_bear	How long is polar bear's guard hair?	5-15 cm
polar_bear	What is cause of polar bear's skin diseases?	mites or other parasites
polar_bear	Why polar bear is a special species?	The World Conservation Union listed polar bears as a vulnerable species, one of three sub-categories of threatened status, in May 2006. Their latest estimate is that 7 out of 19 subpopulations are declining or already severely reduced.
polar_bear	What do fossil and DNA evidence tell us?	The polar bear diverged from the brown bear about 200 thousand years ago.
polar_bear	Does a polar bear live in the Arctic?	yes
polar_bear	Is a polar bear white in color?	yes
polar_bear	Is a polar bear at high risk of extinction?	yes
polar_bear	How heavy is a male polar bear?	300-600 kg (660-1320 lb)
polar_bear	How heavy was the largest polar bear on record?	1002 kg (2200 lb)
polar_bear	What does a polar bear's fur provide?	It provides the animal with effective camouflage.
polar_bear	Do female polar bears weight more than the male?	no
polar_bear	How much weight do female polar bears gain during pregnancy?	They gain double their weight.
polar_bear	Can polar bears be seen under infrared photography?	Polar bears are nearly invisible under infrared photography.
polar_bear	What is actually black in color?	A polar bear's skin.
polar_bear	What insulate it against the cold?	Its think blubber and fur.
polar_bear	What includes a lengthy justification of why this species is listed as vulnerable?	Database entry.
polar_bear	What do with greenpeace and the natural resources defense council have in common?	They filed lawsuits in California.
polar_bear	Are studies insufficient evidence for global protection?	It is arguable.
polar_bear	Are polar bears excellent swimmers?	yes
polar_bear	A semi-aquatic marine mammal , the polar bear has what?	It has adapted for life on a combination of land, sea, and ice.
polar_bear	Garbage is what?	Garbage is now recycled or transported to Thompson, Manitoba.
polar_bear	The bears sometimes what?	They sometimes have problems with various skin diseases with dermatitis caused sometimes by mites or other parasites.
polar_bear	Is the Polar Bear the mascot of Bowdoin college ?	yes
polar_bear	Have thumbpolar bears been made both controversial and famous for their distinctive white fur and their habitat ?	yes
polar_bear	Did Mitchell Taylor , the Nunavut Government Manager of Wildlife Research , not write a letter to the U.S. Fish and Wildlife Service arguing that local studies are insufficient evidence for global protection at this time ?	no
polar_bear	Are Cubs born in December without awakening the mother ?	yes
Qatar	Does Qatar rank as the eighth richest country in the world per capita?	No.
Qatar	Do nearly all Qataris profess Islam?	Yes.
Qatar	Can women legally drive in Qatar?	Yes.
Qatar	When did Qatar become an independent state?	September 3, 1971.
Qatar	Where is Qatar's telecommunication system centered?	Doha.
Qatar	Where did a suicide-bombing kill a teacher in 2005?	At the Doha Players Theatre.
Qatar	Does the native pronunciation of Qatar sound like 'cutter'?	Yes.
Qatar	What is the Arabic word for municipalities?	baladiyah.
Qatar	What universities are in Education City?	Carnegie Mellon University, Georgetown University School of Foreign Service, Texas A&M University, Virginia Commonwealth University, and Cornell University's Weill Medical College.
Qatar	What carried with it a tacit recognition of Qatar's status as distinct from Bahrain?	The British Protectorate (per Colonel Lewis Pelly) asking to negotiate with a representative from Qatar after Bahrain's violation of the 1820 Anglo-Bahraini Treaty.
Qatar	Qatar became an independent sovereign state in what year?	On September 3, 1971.
Qatar	What consists of a low, barren plain, covered with sand?	Much of the country.
Qatar	How do qatar and the wider region relate?	Qatar is aiming to become a role model for economic and social transformation in the region. Large scale investment in all social and economic sectors will also lead to the development of a strong financial market.
Qatar	Was Qatar University founded in 1973?	Yes
Qatar	Is Qatar bordered by Saudi Arabia to the south?	Yes
Qatar	What bordered by Saudi?	Qatar
Qatar	Who served as the headquarters and one of the main launching sites of the US invasion of Iraq in 2003 ?	Qatar.
Qatar	Has Qatar a modern Telecommunication system centered in Doha ?	Yes
Qatar	Was Qatar University founded in 1973 ?	Yes
Qatar	Did the Qataris not choose as their negotiator the respected entrepreneur and long-time resident of Doha , Muhammed bin Thani ?	Yes
Qatar	Will oil and gas probably remain the backbone of Qatar 's economy for some time to come ?	Yes
Qatar	Has it been created with a long term perspective to support the development of Qatar and the wider region , develop local and regional markets , and strengthen the links between the energy based economies and global financial markets ?	Yes
Qatar	What happened in these positions in english?	These allophones cannot occur there.
Qatar	Can these allophones not occur in these positions in english?	yes
Qatar	Is -RRB- , officially the state of qatar -LRB- arabic (: : transliterated as dawlat qatar -RRB- , an arab emirate in southwest asia?	Yes
Romania	Does Romania border Hungary?	Yes.
Romania	Is Romania a secular state?	Yes.
Romania	Is the president elected by popular vote?	Yes.
Romania	How many counties is Romania divided into?	41
Romania	What is the highest mountain in Romania?	Moldoveanu Peak.
Romania	What is the official language of Romania?	Romanian.
Romania	Is the Romanian economy doing well?	Yes.
Romania	Are there many Roma in Romania?	No.
Romania	How many territories joined to form Romania?	2
Romania	Does Romania share a border with Ukraine?	yes
Romania	Did Romania declare neutrality during World War I?	yes
Romania	Does Romania share the same language with Moldova?	yes
Romania	Who was the first gymnast to score a perfect "ten"?	Nadia ComÄƒneci
Romania	What is the largest city in Romania?	Bucharest
Romania	What is the largest ethnic minority in Romania?	Hungarians
Romania	How many countries in Europe are bigger than Romania?	eleven
Romania	Why doesn't Romania have a state religion?	Romania is a secular state
Romania	Why wasn't Romania neutral during World War II?	it received a Soviet ultimatum
Romania	Sibiu, a large city in Transylvania, was chosen as European Capital of Culture in what year?	2007
Romania	What are approximately 42,000 years old and have been nicknamed`` John of Anina''?	the remains (the lower jaw) of the oldest modern human
Romania	Is it true that romania has a population of 21,698,181?	Yes
Romania	What do economy and law have in common?	(not sure how to answer this)
Romania	What did Tourism in Romania attract in 2005?	investments worth 400 million euros
Romania	Is Romania a semi-presidential unitary state?	Yes
Romania	Is Romania a semi-presidential democratic republic where executive functions are shared between the president and the prime minister ?	Yes
Romania	Was Gellu Naum the leader of the surrealist movement in Romania ?	Yes
Romania	Was the Bucharest Metro only opened in 1979 ?	Yes
Romania	Is romania -LRB- , -RRB- a country in southeastern europe?	Yes
Singapore	Do singaporeans enjoy squid?	Yes, they do.
Singapore	Did Singapore's standard of living decrease since independence?	No, the standard living was raised.
Singapore	Did the media contribute 15.6% to Singapore's GDP in 2001?	No, it contributed 1.56% to GDP in 2001.
Singapore	How many people use the bus network daily?	More than 2.78 million people.
Singapore	Where did Orang Laut people live?	Orang Laut people lived around the coast, rivers and smaller islands.
Singapore	What is the MRT?	One of three heavy rail passenger transport lines in Singapore.
Singapore	How is Singapore's climate characterized?	Singapore has a tropical rainforest climate with no distinctive seasons.
Singapore	How much increase in the media's contribution to GDP is the government seeking?	The government seeks to increase its GDP contribution to 3% by 2012.
Singapore	How many days did it take the Imperial Japanese Army to win the Battle of Singapore?	Six days
Singapore	Is Singapore located at the southern tip of the Korean Penisula?	no
Singapore	Is Singapore a city-state?	yes
Singapore	Has Sang Nila Utama visited Singapore?	yes
Singapore	What does "singa" mean?	lion
Singapore	When is the first record of S08_settlement in Singapore?	second century AD
Singapore	Which nation invaded Singapore during World War II?	Japan
Singapore	Why Churchill called the occupation of Singapor by Janpan during WWII "Britain's greatest defeat"?	The British were defeated in six days
Singapore	Was Lee Kuan Yew a successful leader of Singapore?	yes
Singapore	When did Goh Chok Tong succeed Lee as Prime Minister?	In 1990, Goh Chok Tong succeeded Lee as Prime Minister.
Singapore	What is the primary domestic source of water supply?	The primary domestic source of water supply in Singapore is rainfall.
Singapore	What is the national language of Singapore?	The national language of Singapore is Malay.
Singapore	Where is the National Orchid Garden?	Singapore Botanic Gardens.
Singapore	Why are relations with Malaysia and Indonesia important?	Due to obvious geographical reasons, relations with Malaysia and Indonesia are most important.
Singapore	What is the most densely populated independent country in the world?	Monaco
Singapore	Who did Sir Thomas Stamford Raffles work for?	British East India Company
Singapore	When was Lee Kuan Yew prime minister of Singapore?	1959
Singapore	What is the punishment for first-degree murder?	There are laws which allow capital punishment in Singapore for first-degree murder and drug trafficking.
Singapore	What established a trading post on the island in 1819?	British East India Company
Singapore	What used Singapore as a strategic trading post along the spice route?	British
Singapore	What became one of the most important commercial and military centres of the British Empire?	Singapore
Singapore	Who boasted a sizeable community of 100,000 by 1869?	British India office
Singapore	How do reservoirs and water relate?	By 2001, there were 19 raw water reservoirs, 9 treatment works and 14 storage or service reservoirs locally to serve domestic needs.
Singapore	Is it true that singapore has several long - standing disputes with malaysia?	Yes
Singapore	Has Singapore Changi Airport a network of 81 airlines connecting Singapore to 185 cities in 58 countries ?	Yes
Singapore	Has Singapore a network of reservoirs and water catchment areas ?	Yes
Singapore	Has Urbanization eliminated many areas of former primary rainforest , with the only remaining area of primary rainforest being Bukit Timah Nature Reserve ?	Yes
Singapore	Does the economy not depend heavily on exports refining imported goods , especially in manufacturing ?	No
Singapore	Is singapore -LRB- ; (: ; , -RRB- , officially the republic of singapore -LRB- ; (: ; , -RRB- , an island nation located at the southern tip of the malay peninsula?	Yes
Singapore	Is singapore the 17th wealthiest country in the world in terms of gdp per capita?	No